CustomerId,FirstName,LastName,Company
1,"Luís","Gonçalves","Embraer - Empresa Brasileira de Aeronáutica S.A."
2,Leonie,"Köhler",
3,"François",Tremblay,
4,"Bjørn",Hansen,
5,"František","Wichterlová","JetBrains s.r.o."
6,Helena,"Holý",
7,Astrid,Gruber,
8,Daan,Peeters,
9,Kara,Nielsen,
10,Eduardo,Martins,"Woodstock Discos"
11,Alexandre,Rocha,"Banco do Brasil S.A."
12,Roberto,Almeida,Riotur
13,Fernanda,Ramos,
14,Mark,Philips,Telus
15,Jennifer,Peterson,"Rogers Canada"
16,Frank,Harris,"Google Inc."
17,Jack,Smith,"Microsoft Corporation"
18,Michelle,Brooks,
19,Tim,Goyer,"Apple Inc."
20,Dan,Miller,
21,Kathy,Chase,
22,Heather,Leacock,
23,John,Gordon,
24,Frank,Ralston,
25,Victor,Stevens,
26,Richard,Cunningham,
27,Patrick,Gray,
28,Julia,Barnett,
29,Robert,Brown,
30,Edward,Francis,
31,Martha,Silk,
32,Aaron,Mitchell,
33,Ellie,Sullivan,
34,"João",Fernandes,
35,Madalena,Sampaio,
36,Hannah,Schneider,
37,Fynn,Zimmermann,
38,Niklas,"Schröder",
39,Camille,Bernard,
40,Dominique,Lefebvre,
41,Marc,Dubois,
42,Wyatt,Girard,
43,Isabelle,Mercier,
44,Terhi,"Hämäläinen",
45,Ladislav,"Kovács",
46,Hugh,"O'Reilly",
47,Lucas,Mancini,
48,Johannes,"Van der Berg",
49,"Stanisław","Wójcik",
50,Enrique,"Muñoz",
51,Joakim,Johansson,
52,Emma,Jones,
53,Phil,Hughes,
54,Steve,Murray,
55,Mark,Taylor,
56,Diego,"Gutiérrez",
57,Luis,Rojas,
58,Manoj,Pareek,
59,Puja,Srivastava,
